{"loss": {"G_param": 17.14565086364746, "rescontruction": 38.871177673339844}, "_timestamp": 1697545899.4855676, "_runtime": 26.140000581741333, "_step": 3, "_wandb": {"runtime": 26}}