{"loss": {"G_param": 1.1691832542419434, "rescontruction": 3.2122910022735596}, "_timestamp": 1697565889.2064097, "_runtime": 1989.3130786418915, "_step": 199, "_wandb": {"runtime": 1995}}