{"loss": {"G_param": 2.513615131378174, "rescontruction": 3.6613848209381104}, "_timestamp": 1697549994.2528708, "_runtime": 1837.2774748802185, "_step": 799, "_wandb": {"runtime": 1844}}