{"loss": {"G_param": 21.670087814331055, "rescontruction": 33.572898864746094}, "_timestamp": 1697545634.7473476, "_runtime": 26.193999528884888, "_step": 3, "_wandb": {"runtime": 25}}